asin,helpful,overall
1384719342,,
1384719342,,
B00004Y2UT,,
B00005ML71,,
B00005ML71,,
B000068NSX,,
B000068NSX,,
B000068NTU,,
B000068NTU,,
B000068NVI,,
B000068NVI,,
B000068NVI,,
B000068NW5,,
B000068NW5,,
B000068NW5,,
B000068NW5,,
B000068NW5,,
B000068NW5,,
B000068NW5,,
B000068NW5,,
B000068NW5,,
B000068NW5,,
B000068NW5,,
B000068NW5,,
B000068NW5,,
B000068NW5,,
B000068NW5,,
B000068NW5,,
B000068NW5,,
B000068NW5,,
B000068NW5,,
B000068NW5,,
B000068NZC,,
B000068NZC,,
B000068O1N,,
B000068O1N,,
B000068O1N,,
B000068O3D,,
B000068O3D,,
B000068O3X,,
B000068O3X,,
B000068O3X,,
B000068O3X,,
B000068O4H,,
B000068O4H,,
B000068O59,,
B000068O59,,
B000068O59,,
B000068O59,,
B000068O59,,
B00006LVEU,,
B00006LVEU,,
B00006LVEU,,
B00006LVEU,,
B00006LVEU,,
B00006LVEU,,
B00009W40D,,
B00009W40D,,
B00009W40D,,
B00009W40D,,
B00009W40G,,
B00009W40G,,
B00009W40G,,
B0000AQRSR,,
B0000AQRSR,,
B0000AQRSR,,
B0000AQRSR,,
B0000AQRSS,,
B0000AQRST,,
B0000AQRST,,
B0000AQRST,,
B0000AQRSU,,
B0000AQRSU,,
B0000AQRSU,,
B000165DSM,,
B000165DSM,,
B0001FTVD6,,
B0001FTVD6,,
B0001FTVD6,,
B0001FTVD6,,
B0002CZR3G,,
B0002CZR3G,,
B0002CZR3G,,
B0002CZSJO,,
B0002CZSJO,,
B0002CZSJO,,
B0002CZSJO,,
B0002CZSJO,,
B0002CZSJO,,
B0002CZSJO,,
B0002CZSJO,,
B0002CZSJY,,
B0002CZSJY,,
B0002CZSJY,,
B0002CZSJY,,
B0002CZSJY,,
B0002CZSJY,,
B0002CZSJY,,
B0002CZST4,,
B0002CZST4,,
B0002CZST4,,
B0002CZT0M,,
B0002CZT0M,,
B0002CZTIO,,
B0002CZTIO,,
B0002CZTIO,,
B0002CZTIO,,
B0002CZUTM,,
B0002CZUTM,,
B0002CZUTM,,
B0002CZUTM,,
B0002CZUUG,,
B0002CZUUG,,
B0002CZUUG,,
B0002CZUUG,,
B0002CZUUG,,
B0002CZUUG,,
B0002CZUUG,,
B0002CZV46,,
B0002CZV46,,
B0002CZV46,,
B0002CZV7I,,
B0002CZV7I,,
B0002CZV82,,
B0002CZV82,,
B0002CZV82,,
B0002CZV82,,
B0002CZVA0,,
B0002CZVA0,,
B0002CZVA0,,
B0002CZVA0,,
B0002CZVA0,,
B0002CZVA0,,
B0002CZVBE,,
B0002CZVBE,,
B0002CZVBE,,
B0002CZVBE,,
B0002CZVHI,,
B0002CZVHI,,
B0002CZVI2,,
B0002CZVI2,,
B0002CZVI2,,
B0002CZVK0,,
B0002CZVK0,,
B0002CZVK0,,
B0002CZVK0,,
B0002CZVK0,,
B0002CZVK0,,
B0002CZVK0,,
B0002CZVW8,,
B0002CZVW8,,
B0002CZVWS,,
B0002CZVWS,,
B0002CZVWS,,
B0002CZVWS,,
B0002CZVWS,,
B0002CZVWS,,
B0002CZVWS,,
B0002CZVWS,,
B0002CZVXM,,
B0002CZVXM,,
B0002CZVXM,,
B0002CZVXM,,
B0002CZVXM,,
B0002CZVXM,,
B0002CZVXM,,
B0002CZVXM,,
B0002CZVXM,,
B0002CZVXM,,
B0002CZVXM,,
B0002CZVXM,,
B0002CZVXM,,
B0002CZVXM,,
B0002CZVXM,,
B0002CZVXM,,
B0002CZVXM,,
B0002CZVXM,,
B0002CZVXM,,
B0002CZVXM,,
B0002CZVXM,,
B0002CZVXM,,
B0002CZVXM,,
B0002CZVXM,,
B0002CZVXM,,
B0002CZVZK,,
B0002CZVZK,,
B0002CZW0Y,,
B0002CZW0Y,,
B0002CZW0Y,,
B0002CZW0Y,,
B0002CZW0Y,,
B0002CZW0Y,,
B0002CZW0Y,,
B0002CZW0Y,,
B0002CZW0Y,,
B0002CZW0Y,,
B0002CZW0Y,,
B0002CZW0Y,,
B0002CZW0Y,,
B0002CZZW4,,
B0002CZZW4,,
B0002CZZW4,,
B0002CZZW4,,
B0002D0096,,
B0002D0096,,
B0002D01K4,,
B0002D01K4,,
B0002D01K4,,
B0002D01K4,,
B0002D01K4,,
B0002D01KO,,
B0002D01KO,,
B0002D01KO,,
B0002D01PY,,
B0002D01PY,,
B0002D02IU,,
B0002D02RQ,,
B0002D02RQ,,
B0002D02RQ,,
B0002D02RQ,,
B0002D05FU,,
B0002D05FU,,
B0002D05FU,,
B0002D05FU,,
B0002D070I,,
B0002D0B4K,,
B0002D0B4K,,
B0002D0B4K,,
B0002D0B4K,,
B0002D0B4K,,
B0002D0C1C,,
B0002D0C1C,,
B0002D0C1C,,
B0002D0CA8,,
B0002D0CA8,,
B0002D0CA8,,
B0002D0CA8,,
B0002D0CAI,,
B0002D0CAI,,
B0002D0CAI,,
B0002D0CAI,,
B0002D0CEO,,
B0002D0CEO,,
B0002D0CEO,,
B0002D0CEO,,
B0002D0CEO,,
B0002D0CEO,,
B0002D0CEO,,
B0002D0CEO,,
B0002D0CEO,,
B0002D0CEO,,
B0002D0CEO,,
B0002D0CEO,,
B0002D0CEO,,
B0002D0CEO,,
B0002D0CEO,,
B0002D0CGC,,
B0002D0CGC,,
B0002D0CGC,,
B0002D0CGC,,
B0002D0CGC,,
B0002D0CGC,,
B0002D0CGM,,
B0002D0CGM,,
B0002D0CGM,,
B0002D0CGW,,
B0002D0CGW,,
B0002D0CGW,,
B0002D0CGW,,
B0002D0CIK,,
B0002D0CIK,,
B0002D0CIK,,
B0002D0CIK,,
B0002D0CIK,,
B0002D0CKI,,
B0002D0CKI,,
B0002D0CKI,,
B0002D0CKI,,
B0002D0CKI,,
B0002D0CL2,,
B0002D0CL2,,
B0002D0CL2,,
B0002D0CLC,,
B0002D0CLC,,
B0002D0CLC,,
B0002D0CLC,,
B0002D0CLM,,
B0002D0CLM,,
B0002D0CLM,,
B0002D0CNA,,
B0002D0CNA,,
B0002D0CNA,,
B0002D0CNA,,
B0002D0COE,,
B0002D0COE,,
B0002D0COE,,
B0002D0CQC,,
B0002D0CQC,,
B0002D0CQC,,
B0002D0CQC,,
B0002D0CQC,,
B0002D0CQC,,
B0002D0CQC,,
B0002D0DWK,,
B0002D0DWK,,
B0002D0E8S,,
B0002D0E8S,,
B0002D0E8S,,
B0002D0E8S,,
B0002D0E8S,,
B0002D0E8S,,
B0002D0E8S,,
B0002D0E8S,,
B0002D0E8S,,
B0002D0E8S,,
B0002D0HY4,,
B0002D0HY4,,
B0002D0HY4,,
B0002D0JZ6,,
B0002D0JZ6,,
B0002D0KOG,,
B0002D0KOG,,
B0002D0KOG,,
B0002D0L40,,
B0002D0LKY,,
B0002D0LKY,,
B0002D0LM2,,
B0002D0LM2,,
B0002D0N70,,
B0002D0PB4,,
B0002D0PB4,,
B0002D0Q2W,,
B0002D0Q2W,,
B0002D0Q2W,,
B0002D0Q2W,,
B0002DUPZK,,
B0002DUPZK,,
B0002DUPZU,,
B0002DURNK,,
B0002DURNK,,
B0002DURNK,,
B0002DV6RQ,,
B0002DV6RQ,,
B0002DV6RQ,,
B0002DV7U2,,
B0002DV7U2,,
B0002DV7U2,,
B0002DV7U2,,
B0002DV7U2,,
B0002DV7U2,,
B0002DV7ZM,,
B0002DV7ZM,,
B0002DV7ZM,,
B0002DV7ZM,,
B0002DV7ZM,,
B0002DV7ZM,,
B0002DV7ZM,,
B0002DV7ZM,,
B0002DV7ZM,,
B0002DV7ZM,,
B0002DV7ZM,,
B0002DV7ZM,,
B0002DV7ZM,,
B0002DV7ZM,,
B0002DV7ZM,,
B0002DVBJY,,
B0002DVBJY,,
B0002DVBJY,,
B0002E1G5C,,
B0002E1G5C,,
B0002E1G5C,,
B0002E1G5C,,
B0002E1G5C,,
B0002E1G5C,,
B0002E1G5C,,
B0002E1G5C,,
B0002E1G5C,,
B0002E1G5C,,
B0002E1G5C,,
B0002E1G5C,,
B0002E1G5C,,
B0002E1G5C,,
B0002E1G5C,,
B0002E1G5C,,
B0002E1G5C,,
B0002E1G5C,,
B0002E1G5C,,
B0002E1G5C,,
B0002E1G5C,,
B0002E1G5C,,
B0002E1G5C,,
B0002E1G5C,,
B0002E1G5C,,
B0002E1G5C,,
B0002E1G5C,,
B0002E1G5C,,
B0002E1G5C,,
B0002E1G5C,,
B0002E1G5C,,
B0002E1G5C,,
B0002E1G5C,,
B0002E1G5C,,
B0002E1G5C,,
B0002E1G5C,,
B0002E1G5C,,
B0002E1G5C,,
B0002E1G5C,,
B0002E1G5C,,
B0002E1G5C,,
B0002E1G5C,,
B0002E1G5C,,
B0002E1G5C,,
B0002E1H9W,,
B0002E1H9W,,
B0002E1H9W,,
B0002E1H9W,,
B0002E1H9W,,
B0002E1I2I,,
B0002E1I2I,,
B0002E1J3Q,,
B0002E1J3Q,,
B0002E1J3Q,,
B0002E1J3Q,,
B0002E1J5E,,
B0002E1J5E,,
B0002E1NNM,,
B0002E1NQ4,,
B0002E1NQ4,,
B0002E1NQE,,
B0002E1NQE,,
B0002E1NQE,,
B0002E1O2C,,
B0002E1O2C,,
B0002E1O2C,,
B0002E1O2C,,
B0002E1O2C,,
B0002E1O2C,,
B0002E1O2C,,
B0002E1O2C,,
B0002E1O2C,,
B0002E1O2C,,
B0002E1O2C,,
B0002E1O2C,,
B0002E1O2C,,
B0002E1O2M,,
B0002E1O2M,,
B0002E1O2M,,
B0002E1O2M,,
B0002E1O2M,,
B0002E1O2M,,
B0002E1O2M,,
B0002E1O2W,,
B0002E1O2W,,
B0002E1O2W,,
B0002E1O2W,,
B0002E1O3G,,
B0002E1O3G,,
B0002E1O3G,,
B0002E1O3G,,
B0002E1O5E,,
B0002E1O5E,,
B0002E1O7M,,
B0002E1O7M,,
B0002E1O7M,,
B0002E1O7M,,
B0002E1O7W,,
B0002E1O90,,
B0002E1OVS,,
B0002E1OVS,,
B0002E2G2O,,
B0002E2G2O,,
B0002E2G2O,,
B0002E2GMY,,
B0002E2GMY,,
B0002E2GMY,,
B0002E2GMY,,
B0002E2GMY,,
B0002E2GMY,,
B0002E2GMY,,
B0002E2GMY,,
B0002E2KPC,,
B0002E2KPC,,
B0002E2KPC,,
B0002E2KPC,,
B0002E2KPC,,
B0002E2KPC,,
B0002E2KPC,,
B0002E2KPC,,
B0002E2KPC,,
B0002E2KPC,,
B0002E2KPC,,
B0002E2KPC,,
B0002E2KPC,,
B0002E2KPC,,
B0002E2KPC,,
B0002E2KPC,,
B0002E2KPC,,
B0002E2KPC,,
B0002E2KPC,,
B0002E2KPC,,
B0002E2KPC,,
B0002E2KPC,,
B0002E2S36,,
B0002E2S36,,
B0002E2S36,,
B0002E2TTO,,
B0002E2TTO,,
B0002E2XCW,,
B0002E2XCW,,
B0002E2XCW,,
B0002E2XCW,,
B0002E2XCW,,
B0002E2XCW,,
B0002E2XCW,,
B0002E2XCW,,
B0002E2XCW,,
B0002E2XCW,,
B0002E2XCW,,
B0002E2XCW,,
B0002E2XCW,,
B0002E2Z8Y,,
B0002E2Z8Y,,
B0002E37G8,,
B0002E37G8,,
B0002E382Q,,
B0002E3830,,
B0002E3830,,
B0002E38AS,,
B0002E38AS,,
B0002E38AS,,
B0002E38B2,,
B0002E38B2,,
B0002E38B2,,
B0002E38B2,,
B0002E38B2,,
B0002E38B2,,
B0002E3A8S,,
B0002E3B78,,
B0002E3B78,,
B0002E3B78,,
B0002E3CHC,,
B0002E3CHC,,
B0002E3CHC,,
B0002E3CHC,,
B0002E3CHC,,
B0002E3CHC,,
B0002E3CHC,,
B0002E3CHC,,
B0002E3CHC,,
B0002E3CHC,,
B0002E3CHC,,
B0002E3CHC,,
B0002E3DGC,,
B0002E3DGC,,
B0002E3DLM,,
B0002E3DNK,,
B0002E3DNK,,
B0002E3DNK,,
B0002E3DNK,,
B0002E3DNK,,
B0002E3FCO,,
B0002E3FCO,,
B0002E3FCO,,
B0002E3FCO,,
B0002E3FCO,,
B0002E3MRW,,
B0002E4Z8M,,
B0002E51ZS,,
B0002E5266,,
B0002E5266,,
B0002E52RU,,
B0002E54FK,,
B0002E54ZU,,
B0002E5518,,
B0002F4MKC,,
B0002F4MKC,,
B0002F4VBM,,
B0002F4VBM,,
B0002F4VBM,,
B0002F4VBM,,
B0002F519I,,
B0002F519I,,
B0002F52EW,,
B0002F58TG,,
B0002F58TG,,
B0002F58TG,,
B0002F58TG,,
B0002F58TG,,
B0002F6RSM,,
B0002F73YY,,
B0002F73YY,,
B0002F73YY,,
B0002F73YY,,
B0002F75K6,,
B0002F75K6,,
B0002F77B8,,
B0002F7IIK,,
B0002F7IIK,,
B0002F7IIK,,
B0002F7IIK,,
B0002F7IIK,,
B0002F7IN0,,
B0002F7IN0,,
B0002F7IN0,,
B0002F7IN0,,
B0002F7K7Y,,
B0002F7K7Y,,
B0002F7K7Y,,
B0002F7K7Y,,
B0002F7K7Y,,
B0002F7K7Y,,
B0002F7K7Y,,
B0002F7K7Y,,
B0002F7K7Y,,
B0002F7K7Y,,
B0002F7K7Y,,
B0002F7K7Y,,
B0002F7K7Y,,
B0002F7K7Y,,
B0002F7K7Y,,
B0002F7K7Y,,
B0002F7K7Y,,
B0002F7K7Y,,
B0002F7K7Y,,
B0002F7K7Y,,
B0002F7K7Y,,
B0002F7K7Y,,
B0002F7K7Y,,
B0002F7K7Y,,
B0002F7K7Y,,
B0002F7K7Y,,
B0002F7K7Y,,
B0002F7K7Y,,
B0002F7K7Y,,
B0002F7K7Y,,
B0002F7K7Y,,
B0002F7K7Y,,
B0002F7K7Y,,
B0002F7K7Y,,
B0002F7K7Y,,
B0002F7K7Y,,
B0002FO9QY,,
B0002FO9QY,,
B0002FOBJY,,
B0002FOBJY,,
B0002GIRP2,,
B0002GIRP2,,
B0002GIW3Y,,
B0002GIW3Y,,
B0002GJ3E6,,
B0002GJ3E6,,
B0002GJ3E6,,
B0002GJ3ZA,,
B0002GJ6FC,,
B0002GJ6FC,,
B0002GJ6FC,,
B0002GJ6FC,,
B0002GJ6FC,,
B0002GJILE,,
B0002GJILE,,
B0002GJILE,,
B0002GJILE,,
B0002GL7ZO,,
B0002GLCRC,,
B0002GLCRC,,
B0002GLCRC,,
B0002GLCRC,,
B0002GLCRC,,
B0002GLCRC,,
B0002GLCRC,,
B0002GLCRC,,
B0002GLCRC,,
B0002GLCRC,,
B0002GLCRC,,
B0002GLCRC,,
B0002GLCRC,,
B0002GLDQM,,
B0002GLDQM,,
B0002GLDQM,,
B0002GLDQM,,
B0002GLDQM,,
B0002GLDQM,,
B0002GLDQM,,
B0002GLDQM,,
B0002GLDQM,,
B0002GLDQM,,
B0002GLDQM,,
B0002GLDQM,,
B0002GLDQM,,
B0002GLDQM,,
B0002GLDQM,,
B0002GLDQM,,
B0002GMGYA,,
B0002GMGYA,,
B0002GMGYA,,
B0002GMGYA,,
B0002GMGYA,,
B0002GMGYA,,
B0002GMGYA,,
B0002GMGYA,,
B0002GMGYA,,
B0002GMGYA,,
B0002GMGYA,,
B0002GMGYA,,
B0002GML4U,,
B0002GML4U,,
B0002GML4U,,
B0002GOJZO,,
B0002GOJZO,,
B0002GOJZO,,
B0002GOK08,,
B0002GOK08,,
B0002GTZR6,,
B0002GTZR6,,
B0002GTZR6,,
B0002GW3Y8,,
B0002GW3Y8,,
B0002GW3Y8,,
B0002GW3Y8,,
B0002GW3Y8,,
B0002GWFEQ,,
B0002GWFEQ,,
B0002GWFEQ,,
B0002GWFEQ,,
B0002GWFEQ,,
B0002GWFEQ,,
B0002GWFEQ,,
B0002GWFEQ,,
B0002GWFEQ,,
B0002GWFEQ,,
B0002GWFEQ,,
B0002GWFEQ,,
B0002GWFEQ,,
B0002GWFEQ,,
B0002GWFEQ,,
B0002GWXKC,,
B0002GX5NG,,
B0002GX5NG,,
B0002GX5NG,,
B0002GX5NG,,
B0002GXF8Q,,
B0002GXF8Q,,
B0002GXF8Q,,
B0002GXF8Q,,
B0002GXF8Q,,
B0002GXF8Q,,
B0002GXF8Q,,
B0002GXPRM,,
B0002GXPRM,,
B0002GXV2Q,,
B0002GXV2Q,,
B0002GXV2Q,,
B0002GXV2Q,,
B0002GXV2Q,,
B0002GXV2Q,,
B0002GXV3A,,
B0002GXV3A,,
B0002GXV3A,,
B0002GXZK4,,
B0002GXZK4,,
B0002GXZK4,,
B0002GXZK4,,
B0002GXZK4,,
B0002GXZK4,,
B0002GXZK4,,
B0002GXZK4,,
B0002GXZK4,,
B0002GYW4C,,
B0002GYW4C,,
B0002GYW4C,,
B0002GYW4C,,
B0002GYW4C,,
B0002GYW4C,,
B0002GYW4C,,
B0002GYW4C,,
B0002GYW4C,,
B0002GYW4C,,
B0002GYW4C,,
B0002GYYD6,,
B0002GYYD6,,
B0002GYYDQ,,
B0002GYYDQ,,
B0002GYYDQ,,
B0002GZ052,,
B0002GZ052,,
B0002GZ052,,
B0002GZBLU,,
B0002GZBLU,,
B0002GZBLU,,
B0002GZBNS,,
B0002GZBNS,,
B0002GZBO2,,
B0002GZBO2,,
B0002GZLZQ,,
B0002GZLZQ,,
B0002GZM00,,
B0002GZM00,,
B0002GZM00,,
B0002GZM00,,
B0002GZM00,,
B0002GZM00,,
B0002GZM00,,
B0002GZQ1U,,
B0002GZTT4,,
B0002GZTT4,,
B0002GZTT4,,
B0002H02IG,,
B0002H02IG,,
B0002H02IG,,
B0002H02IG,,
B0002H02IG,,
B0002H02IG,,
B0002H02IG,,
B0002H02IG,,
B0002H03YY,,
B0002H03YY,,
B0002H04NE,,
B0002H04NE,,
B0002H04NE,,
B0002H0A3S,,
B0002H0A3S,,
B0002H0A3S,,
B0002H0A3S,,
B0002H0A3S,,
B0002H0A3S,,
B0002H0A3S,,
B0002H0A3S,,
B0002H0A3S,,
B0002H0A3S,,
B0002H0A3S,,
B0002H0A3S,,
B0002H0A3S,,
B0002H0A3S,,
B0002H0A3S,,
B0002H0A3S,,
B0002H0A3S,,
B0002H0A3S,,
B0002H0A3S,,
B0002H0A3S,,
B0002H0A3S,,
B0002H0A3S,,
B0002H0A3S,,
B0002H0A3S,,
B0002H0A3S,,
B0002H0A3S,,
B0002H0A3S,,
B0002H0A3S,,
B0002H0A3S,,
B0002H0A3S,,
B0002H0FMO,,
B0002H0FMO,,
B0002H0H4A,,
B0002H0H4A,,
B0002H0JZC,,
B0002H0JZC,,
B0002H0KG0,,
B0002H0LQO,,
B0002H0LQO,,
B0002H0LQO,,
B0002H0N76,,
B0002H0N76,,
B0002H0N76,,
B0002H0SKS,,
B0002H0SKS,,
B0002HLL8G,,
B0002IAJ56,,
B0002IHFVM,,
B0002IHFVM,,
B0002IHFVM,,
B0002IHFVM,,
B0002IHFVM,,
B0002IHFVM,,
B0002IHFVM,,
B0002IHFVM,,
B0002IHFVM,,
B0002IHFVM,,
B0002IHFVM,,
B0002IHFVM,,
B0002IHFVM,,
B0002IHFVM,,
B0002IHFVM,,
B0002IHFVM,,
B0002IHGZC,,
B0002IHGZC,,
B0002IHGZC,,
B0002IHP0S,,
B0002IHP0S,,
B0002IHP0S,,
B0002IHP0S,,
B0002IHP0S,,
B0002II6V0,,
B0002KYXTM,,
B0002KYXTM,,
B0002KYXTM,,
B0002KYXTM,,
B0002KZAKS,,
B0002KZAKS,,
B0002KZAKS,,
B0002KZAKS,,
B0002KZAKS,,
B0002KZAKS,,
B0002KZAKS,,
B0002KZAKS,,
B0002KZAKS,,
B0002KZAKS,,
B0002KZDN2,,
B0002KZDN2,,
B0002KZDN2,,
B0002KZDN2,,
B0002KZDN2,,
B0002KZE7C,,
B0002KZE7C,,
B0002KZE7C,,
B0002KZE7C,,
B0002KZE7C,,
B0002KZE7C,,
B0002KZE7C,,
B0002KZE7C,,
B0002KZE7C,,
B0002KZE7C,,
B0002KZEAE,,
B0002KZEAE,,
B0002KZEAE,,
B0002KZEAE,,
B0002KZEAE,,
B0002KZEMC,,
B0002KZEMC,,
B0002KZEMC,,
B0002KZEMC,,
B0002KZFYE,,
B0002KZFYE,,
B0002KZFYE,,
B0002KZHQA,,
B0002KZHQA,,
B0002KZISM,,
B0002KZISM,,
B0002KZISM,,
B0002KZIV4,,
B0002KZIVY,,
B0002KZIVY,,
B0002KZIVY,,
B0002KZIVY,,
B0002KZQ34,,
B0002KZQ34,,
B0002KZQ34,,
B0002KZQ34,,
B0002M3OVI,,
B0002M3OVI,,
B0002M3OVI,,
B0002M3OVI,,
B0002M3OVI,,
B0002M3OVI,,
B0002M6B2M,,
B0002M6B2M,,
B0002M6B2M,,
B0002M6B2M,,
B0002M6B2M,,
B0002M6CVC,,
B0002M6CVC,,
B0002M6CVC,,
B0002M6CVC,,
B0002M6CVC,,
B0002M6CVC,,
B0002M6CVC,,
B0002M6CVC,,
B0002M6CVC,,
B0002M6CVC,,
B0002M6CVC,,
B0002M6CVC,,
B0002M6CW6,,
B0002M6CW6,,
B0002M6CW6,,
B0002M6CW6,,
B0002M6CW6,,
B0002M6CW6,,
B0002M6CW6,,
B0002M6CW6,,
B0002M6CW6,,
B0002M6CW6,,
B0002M6CW6,,
B0002M728Y,,
B0002M728Y,,
B0002M72JS,,
B0002M72JS,,
B0002M72JS,,
B0002MDTVS,,
B0002MDTVS,,
B0002MDTVS,,
B0002MJTZ8,,
B0002MJTZ8,,
B0002MSQVQ,,
B0002MSQVQ,,
B0002MSQVQ,,
B0002OOMU8,,
B0002OOMU8,,
B0002OOMU8,,
B0002OOMU8,,
B0002OOMU8,,
B0002OOMU8,,
B0002OOMU8,,
B0002OOMU8,,
B0002OOMU8,,
B0002OOMU8,,
B0002OOMU8,,
B0002OOMW6,,
B0002OOMW6,,
B0002OOMW6,,
B0002OOMW6,,
B0002OOMW6,,
B0002OOMW6,,
B0002OP7VQ,,
B0002OS9FC,,
B0002OS9FC,,
B0002PBS5Y,,
B0002PBS5Y,,
B0002PBS5Y,,
B0002PBS5Y,,
B0002PBS68,,
B0002PBS68,,
B0002PBS6I,,
B0002PBS6I,,
B0002PBS6I,,
B0002PBS6S,,
B0002PBS6S,,
B0002PBS6S,,
B0002T67J2,,
B0002T67J2,,
B0002T67J2,,
B0002Y6BJI,,
B0002Z2CZY,,
B0002Z2D08,,
B0002Z2D08,,
B0002Z2D08,,
B0002Z2D08,,
B0002Z2D0I,,
B0002Z2D0I,,
B0002ZO3LK,,
B0002ZO3LK,,
B0002ZO3LK,,
B0002ZO60I,,
B0002ZO60I,,
B0002ZO60I,,
B0002ZO60I,,
B0002ZO60I,,
B0002ZPK0S,,
B0002ZPK0S,,
B0002ZPK0S,,
B0002ZPK0S,,
B0002ZPK0S,,
B0002ZPK0S,,
B0002ZPK5I,,
B0002ZPK5I,,
B0002ZPK5I,,
B0002ZPK5I,,
B0002ZPK5I,,
B0002ZPK5I,,
B0002ZPK5I,,
B00062GRXQ,,
B00062GRXQ,,
B00063678K,,
B00063678K,,
B00063678K,,
B00063678K,,
B00063678K,,
B00063678K,,
B00063678K,,
B00064TZYW,,
B00064TZYW,,
B00064TZYW,,
B0006GR4L6,,
B0006GR4L6,,
B0006H92QK,,
B0006H92QK,,
B0006H92QK,,
B0006H92QK,,
B0006H92QK,,
B0006H92QK,,
B0006H92QK,,
B0006IQNCK,,
B0006M59M6,,
B0006NDF6C,,
B0006NDF6C,,
B0006NDF6C,,
B0006NDF8A,,
B0006NDF8A,,
B0006NDF8A,,
B0006NDF8A,,
B0006NDF8A,,
B0006NDF8A,,
B0006NDF8A,,
B0006NDF8A,,
B0006NDF8A,,
B0006NDF8A,,
B0006NDF8A,,
B0006NDF8A,,
B0006NDF8A,,
B0006NDF8A,,
B0006NDF8A,,
B0006NDF8A,,
B0006OHVK2,,
B0006OHVK2,,
B0006OHVK2,,
B0006OHVK2,,
B0006ZXFWO,,
B0006ZXFWO,,
B0006ZXFWO,,
B0006ZXFZQ,,
B0006ZXFZQ,,
B0006ZXG00,,
B00074B67A,,
B00074B67A,,
B0007GGUGA,,
B0007GGUGA,,
B0007GGUGA,,
B0007GGUGA,,
B0007GGUGA,,
B0007L8BQW,,
B0007NQH98,,
B0007NQH98,,
B0007NQH98,,
B0007NQH98,,
B0007ORM0K,,
B0007SL86A,,
B0007WPCKE,,
B0007WPCKE,,
B0007XWUQ2,,
B0007XWUQ2,,
B0007Y3XGW,,
B0007Y3XGW,,
B0007Y3XGW,,
B0008G26JO,,
B0008G26JO,,
B00095VIMU,,
B00095VIMU,,
B000960KNW,,
B000960KNW,,
B000960KNW,,
B000960KNW,,
B000960KNW,,
B000960KNW,,
B000978D58,,
B000978D58,,
B000978D58,,
B000978D58,,
B000978D58,,
B000978D58,,
B000978D58,,
B000978D58,,
B000978D58,,
B000978D58,,
B000978D58,,
B000978D58,,
B000978D58,,
B000978D58,,
B0009DXEEM,,
B0009DXEEM,,
B0009EQMZE,,
B0009EQOES,,
B0009EQOES,,
B0009EQOES,,
B0009EU01G,,
B0009EU01G,,
B0009EU01G,,
B0009EU01G,,
B0009FUUO2,,
B0009FUUO2,,
B0009G1E0K,,
B0009G1E0K,,
B0009G1E0K,,
B0009G1E0K,,
B0009G1E0K,,
B0009G1E0K,,
B0009G1E0K,,
B0009G1E0K,,
B0009G1E0K,,
B0009G1E0K,,
B0009G1E0K,,
B0009G1E0K,,
B0009G1E0K,,
B0009G1E0K,,
B0009G1E0K,,
B0009G1E0K,,
B0009G1E0K,,
B0009G1E0K,,
B0009G1E0K,,
B0009G1E0K,,
B0009G1E0K,,
B0009G1E0K,,
B0009G1E0K,,
B0009G1E0K,,
B0009G1KEU,,
B0009G1KEU,,
B0009G1KEU,,
B0009H00WW,,
B0009H00WW,,
B0009H00WW,,
B0009H00WW,,
B0009IEB0I,,
B0009IEB0I,,
B0009K9MUA,,
B0009K9MUA,,
B0009RHAT8,,
B0009RLE5Y,,
B0009RLE5Y,,
B000A1HU1G,,
B000A2HDXA,,
B000A2HDXA,,
B000A2HOB6,,
B000A6ASSS,,
B000A6ASSS,,
B000A6ASSS,,
B000A6ASSS,,
B000A6ASSS,,
B000A6ASSS,,
B000A6ASSS,,
B000A6ASSS,,
B000A6ASSS,,
B000A6ASSS,,
B000A6ASSS,,
B000A6GY1I,,
B000AAGM0M,,
B000AAGM0M,,
B000AAGM0M,,
B000AAGM0M,,
B000AC6DVS,,
B000AKSUP2,,
B000AKSUP2,,
B000ARH3M6,,
B000ARH3M6,,
B000B6DHAS,,
B000B6DHAS,,
B000B6DHAS,,
B000B6DHB2,,
B000B6DHB2,,
B000B6DHB2,,
B000B6DHB2,,
B000B6DHB2,,
B000B6DHB2,,
B000B6DHB2,,
B000B6FBA2,,
B000B6FBA2,,
B000B6FBA2,,
B000B6FBA2,,
B000B6FBA2,,
B000BBRZ3S,,
B000BBRZ3S,,
B000BBRZ3S,,
B000BBRZ3S,,
B000BKY8CU,,
B000BKY8CU,,
B000BNSYHW,,
B000BQTCDO,,
B000BU5V58,,
B000BU5V58,,
B000BU5V58,,
B000BUDO48,,
B000BUGNNM,,
B000BUGNNM,,
B000BUGNNM,,
B000BW2D84,,
B000BW2D84,,
B000BWEM42,,
B000BYPJ1U,,
B000BYPJ1U,,
B000BYPJ1U,,
B000CBE3G4,,
B000CBE3G4,,
B000CBE3G4,,
B000CBE3G4,,
B000CBE3G4,,
B000CBE3GE,,
B000CCIVCA,,
B000CCJP4I,,
B000CCJP4I,,
B000CCJP4I,,
B000CCJP4I,,
B000CCJP4I,,
B000CCMWVG,,
B000CCMWVG,,
B000CD1R7K,,
B000CD1R7K,,
B000CD1R7K,,
B000CD1R7K,,
B000CD1R7K,,
B000CD1R7K,,
B000CD1R84,,
B000CD1R84,,
B000CD1R84,,
B000CD1R84,,
B000CD1R84,,
B000CD1R84,,
B000CD3QY2,,
B000CDT4VQ,,
B000CDT4VQ,,
B000CHJTG2,,
B000CHJTG2,,
B000CHJTG2,,
B000CZ0RHY,,
B000CZ0RHY,,
B000CZ0RLK,,
B000CZ0RLK,,
B000CZ0RLK,,
B000CZ0RLU,,
B000CZ0RLU,,
B000CZ0RLU,,
B000E0PPG0,,
B000EE8YPK,,
B000EE8YPK,,
B000EE8YPK,,
B000EE8YPK,,
B000EE8YPK,,
B000EEEYCW,,
B000EEEYCW,,
B000EEEYCW,,
B000EEGAJW,,
B000EEHCUS,,
B000EEHCUS,,
B000EEHD4I,,
B000EEHDIE,,
B000EEHKVY,,
B000EEHKVY,,
B000EEHKVY,,
B000EEHMXA,,
B000EEHN9S,,
B000EEJ8IM,,
B000EEJ8IM,,
B000EEJ8IM,,
B000EEJ8IM,,
B000EEJAFS,,
B000EEJAFS,,
B000EEJAFS,,
B000EEJAFS,,
B000EEJAWQ,,
B000EEJAWQ,,
B000EEJAWQ,,
B000EEJE4K,,
B000EEJF4O,,
B000EEJJ5Y,,
B000EEJJ5Y,,
B000EEJJI6,,
B000EEJJI6,,
B000EEJJI6,,
B000EEJJI6,,
B000EEK4VM,,
B000EEK4VM,,
B000EEK4VM,,
B000EEK4VM,,
B000EEL50Q,,
B000EEL6J6,,
B000EEL6J6,,
B000EEL6J6,,
B000EEL6J6,,
B000EEL8US,,
B000EELB8W,,
B000EELB8W,,
B000EELB8W,,
B000EELB8W,,
B000EELB8W,,
B000EELB8W,,
B000EELB8W,,
B000EELB8W,,
B000EELBQ4,,
B000EELBQ4,,
B000EELBQ4,,
B000EELBQ4,,
B000EELFI8,,
B000EELFI8,,
B000EELFI8,,
B000EELFI8,,
B000EELFTW,,
B000EELFTW,,
B000EEN9OG,,
B000EEN9OG,,
B000EEN9OG,,
B000EEN9OG,,
B000EEN9OG,,
B000EEN9OG,,
B000EENH5W,,
B000EENH5W,,
B000EENH5W,,
B000EXIMFI,,
B000EXIMFI,,
B000EXIMFI,,
B000F3JO7M,,
B000F3JO7M,,
B000FIZISQ,,
B000FIZISQ,,
B000FZ1KF4,,
B000FZ1KF4,,
B000FZ1KF4,,
B000GUR8V8,,
B000GUR8V8,,
B000GUR8V8,,
B000H2BC4E,,
B000H2BC4E,,
B000HVXMNE,,
B000HVXMNE,,
B000HVXMNE,,
B000IO8XFM,,
B000IO8XFM,,
B000J3L02U,,
B000J3L02U,,
B000J3L02U,,
B000J5UEGQ,,
B000J5XS3C,,
B000J5XS3C,,
B000J5XS3C,,
B000J5XS3C,,
B000J5XS3C,,
B000J5Y214,,
B000J5Y214,,
B000J5Y214,,
B000J5Y282,,
B000J5Y282,,
B000J5Y282,,
B000J5Y282,,
B000JRPYGE,,
B000JRPYGE,,
B000K69V5E,,
B000K69V5E,,
B000K6B4E0,,
B000KGYAYQ,,
B000KGYAYQ,,
B000KGYAYQ,,
B000KGYAYQ,,
B000KIPD5E,,
B000KIPD5E,,
B000KIPT30,,
B000KIPT30,,
B000KIPT30,,
B000KIPT30,,
B000KIPT30,,
B000KIPT30,,
B000KIPTE4,,
B000KIPUQG,,
B000KIPUQG,,
B000KIRT38,,
B000KIRT38,,
B000KIRT6A,,
B000KIRT6A,,
B000KIRT6A,,
B000KIRT6A,,
B000KIRT6A,,
B000KIRT74,,
B000KIRT74,,
B000KIRT74,,
B000KITQKM,,
B000KITQKM,,
B000KITQKM,,
B000KUCQXY,,
B000KW2YEI,,
B000KW2YEI,,
B000KW2YEI,,
B000KW2YEI,,
B000KW2YEI,,
B000KW2YEI,,
B000KW2YEI,,
B000L3FPUG,,
B000L3FPUG,,
B000L6GD04,,
B000L6GD04,,
B000L6GD04,,
B000L6GD04,,
B000L6GD04,,
B000L6GD04,,
B000L6GD04,,
B000L6GD04,,
B000L6GD04,,
B000L7MNUM,,
B000L7MNUM,,
B000LAT0AK,,
B000LAT0AK,,
B000LFCXL8,,
B000LPSNRQ,,
B000LPSNRQ,,
B000LPUV8K,,
B000LPUV8K,,
B000LPUV8K,,
B000LQLDM2,,
B000LQLDM2,,
B000LQLDM2,,
B000LQLDM2,,
B000LQLDM2,,
B000LQLDM2,,
B000LQLDM2,,
B000LQLDM2,,
B000M23OQ8,,
B000M23OQ8,,
B000M23OQ8,,
B000M23OQ8,,
B000MFK1ZW,,
B000MFK1ZW,,
B000MFK1ZW,,
B000MFN8B6,,
B000MFN8B6,,
B000MFN8B6,,
B000MO2QJM,,
B000MO2QJM,,
B000MVYOZY,,
B000MVYOZY,,
B000MVYOZY,,
B000MVYOZY,,
B000MWWT6E,,
B000N4WHYK,,
B000N5MK8M,,
B000N5YEDG,,
B000N5YEDG,,
B000NGVQKO,,
B000NGVQKO,,
B000NGVQKO,,
B000NGVQKO,,
B000NJ2TIE,,
B000NJ2TIE,,
B000NJ2TIE,,
B000NJ2TIE,,
B000NJ2TIE,,
B000NJ2TIE,,
B000NJ2TIE,,
B000NJ2TIE,,
B000NJ2TIE,,
B000OMG0KI,,
B000OMG0KI,,
B000OMG0KI,,
B000OMG0KI,,
B000OMG0KI,,
B000OMG0KI,,
B000OR5928,,
B000OR5928,,
B000OR88JE,,
B000OR88JE,,
B000OY4WA6,,
B000OY4WDI,,
B000OY707S,,
B000OY707S,,
B000P5LVSK,,
B000P5LVSK,,
B000P5LVSK,,
B000P5LVSK,,
B000P5NXWM,,
B000P5NXWM,,
B000P5NXWM,,
B000P5OUCE,,
B000P5OUCE,,
B000P5OUCE,,
B000P5OUCE,,
B000P5OUCE,,
B000P5OUCE,,
B000P5OULA,,
B000P5OULA,,
B000P5RVRU,,
B000P5RVRU,,
B000PAPO9W,,
B000PAPO9W,,
B000PAPO9W,,
B000PO30QM,,
B000PO30QM,,
B000PO30QM,,
B000PO30QM,,
B000PO30QM,,
B000PO30QM,,
B000PO30QM,,
B000PO30QM,,
B000PO30QM,,
B000PO30QM,,
B000PR3JEM,,
B000PR3JEM,,
B000Q87DAQ,,
B000QGCJU2,,
B000QGCJU2,,
B000QGCJU2,,
B000QGCJU2,,
B000QGCJU2,,
B000RKAFIU,,
B000RKAFIU,,
B000RKL8R2,,
B000RKL8R2,,
B000RKL8R2,,
B000RKL8R2,,
B000RKL8R2,,
B000RKL8R2,,
B000RKVH0K,,
B000RKVH0K,,
B000RKVH0K,,
B000RMQM4E,,
B000RN53LQ,,
B000RN53LQ,,
B000RN53LQ,,
B000RN53LQ,,
B000RN53LQ,,
B000RNB720,,
B000RNB720,,
B000RNB720,,
B000RNB720,,
B000RNB720,,
B000RNB720,,
B000RNB720,,
B000RNB720,,
B000RNB720,,
B000RNB720,,
B000RNB720,,
B000RNB720,,
B000RNB720,,
B000RNB720,,
B000RNB720,,
B000RNB720,,
B000RPUMII,,
B000RPUMII,,
B000RVWY42,,
B000RVWY42,,
B000RVWY42,,
B000RVYPQ2,,
B000RW0GT6,,
B000RW0GT6,,
B000RW2DUQ,,
B000RWJQRE,,
B000RWJQRE,,
B000RXN6SS,,
B000RXPN02,,
B000RY68PA,,
B000RYE5Y6,,
B000RYE5Y6,,
B000RYE5Y6,,
B000RYPN38,,
B000RYPN38,,
B000RYPN38,,
B000S5V510,,
B000S5V510,,
B000SJJCX4,,
B000SJJCX4,,
B000SJJCX4,,
B000SJJCX4,,
B000SJJCX4,,
B000SJJCX4,,
B000SL0NCQ,,
B000SL0NCQ,,
B000SL0NCQ,,
B000SZVYLQ,,
B000SZVYLQ,,
B000SZVYLQ,,
B000T4PJC6,,
B000T4PJC6,,
B000T4SI1K,,
B000T4SI1K,,
B000T517Y4,,
B000T517Y4,,
B000T517Y4,,
B000T9NKEU,,
B000T9NKEU,,
B000T9PE9E,,
B000T9PE9E,,
B000TGHVGQ,,
B000TGSM6E,,
B000TGSM6E,,
B000U0DU34,,
B000U0DU34,,
B000U0DU34,,
B000U0DU34,,
B000UJCTVE,,
B000UJCTVE,,
B000UJCTVE,,
B000UJFR4A,,
B000UJFR4A,,
B000UJFR4A,,
B000UJFR4A,,
B000UJFR4A,,
B000UJHHLQ,,
B000ULAP4U,,
B000ULAP4U,,
B000ULAP4U,,
B000ULAP4U,,
B000ULAP4U,,
B000ULAP4U,,
B000ULAP4U,,
B000ULAP4U,,
B000ULAP4U,,
B000UMFQHA,,
B000UMFQHA,,
B000V4YFLA,,
B000V8GA46,,
B000V8GA46,,
B000VBC5CY,,
B000VBH2IG,,
B000VBH2IG,,
B000VBH2IG,,
B000VBH2IG,,
B000VBH2IG,,
B000VJ2VCK,,
B000VJ2VCK,,
B000VJ2VCK,,
B000VJ2VCK,,
B000VJJQUU,,
B000VJJQUU,,
B000VJJQUU,,
B000VJJQUU,,
B000VJZOLK,,
B000VJZOLK,,
B000VJZOLK,,
B000VOBU9U,,
B000VOBU9U,,
B000VOBU9U,,
B000VOBU9U,,
B000VTPQWW,,
B000VTPQWW,,
B000VTPR08,,
B000VUNEZM,,
B000VUNEZM,,
B000VUNEZM,,
B000VUNEZM,,
B000VZYS66,,
B000W00X1Y,,
B000WF1AMU,,
B000WF1AMU,,
B000WGJ71U,,
B000WN4J9S,,
B000WN4J9S,,
B000WN4J9S,,
B000WN4J9S,,
B000WN4J9S,,
B000WS1QC6,,
B000WS1QC6,,
B000WS1QC6,,
B000WS1QC6,,
B000WYCS7M,,
B000WYCS7M,,
B000X31R2E,,
B000X31R2E,,
B000X31R2E,,
B000X31R2E,,
B000XPO0IU,,
B000XPO0IU,,
B000XPO0IU,,
B000XPPR2S,,
B000XPPR2S,,
B000XPPURU,,
B000XPPURU,,
B000XPPURU,,
B000XPQ1YG,,
B000XPRQIG,,
B000XPRQIG,,
B000XPRQIG,,
B000XPRSTI,,
B000XPRSTI,,
B000XUUXB8,,
B000XUUXB8,,
B000XXBHA6,,
B000XXBHA6,,
B000XXBHA6,,
B000XXBHA6,,
B000XXBHA6,,
B000Y30NAA,,
B000Y35C8S,,
B000Y35C8S,,
B000Y35C8S,,
B000Y35C8S,,
B000Y35C8S,,
B000Y35C8S,,
B000Y60NFC,,
B000Y60NFC,,
B000Y60NFC,,
B000Y7Q2C4,,
B000ZJTPLG,,
B000ZJTPLG,,
B000ZJTPLG,,
B0010CAEFS,,
B0010CAEFS,,
B0010CAEFS,,
B0010CZ8GS,,
B0010CZ8GS,,
B0010GNU9Q,,
B0010GNU9Q,,
B0010KCP98,,
B0010SHU18,,
B0010SHU18,,
B0010SHU18,,
B0010SHU18,,
B0010SHU18,,
B0010SHU18,,
B0010SHU18,,
B0010SHU18,,
B0011WHG5S,,
B0011WHG5S,,
B0011WHG5S,,
B0013PU75Y,,
B0013PU75Y,,
B0013V1BYY,,
B0013V1BYY,,
B0013V1BYY,,
B0014IEBM0,,
B00154OJOI,,
B00154OJOI,,
B00154OJOI,,
B00154OJOI,,
B00154OJOI,,
B00154OJOI,,
B00154OJOI,,
B0015RIN6U,,
B0015RIN6U,,
B0015RIN6U,,
B0015RIN6U,,
B0015RIN6U,,
B0015RIN6U,,
B0016MJ1T2,,
B0016ML1C2,,
B0016ML1C2,,
B0016ML1C2,,
B0016ML1C2,,
B0016ML1C2,,
B0016ZZKJO,,
B0016ZZKJO,,
B0016ZZKJO,,
B0016ZZKJO,,
B0016ZZKJO,,
B0016ZZKJO,,
B0016ZZKJO,,
B0016ZZKJO,,
B0016ZZKJO,,
B0016ZZKJO,,
B0016ZZKJO,,
B00178JDCK,,
B00178JDCK,,
B00178LDW8,,
B00178LDW8,,
B00178LDW8,,
B0017HZ47Y,,
B0017HZ47Y,,
B00186L9X2,,
B0018L46WS,,
B0018L46WS,,
B0018L46WS,,
B0018PZR86,,
B0018SJLFS,,
B0018SJLFS,,
B0018SJLFS,,
B0018TAITA,,
B0018TAITA,,
B0018TAITA,,
B0018TAITA,,
B0018TAITA,,
B0018TAITA,,
B0018TC3I4,,
B0018TG8HQ,,
B0018TG8HQ,,
B0018TIAA4,,
B0018TIAA4,,
B0018TIADQ,,
B0018TIADQ,,
B0018TIADQ,,
B0018TIADQ,,
B0018TIADQ,,
B0018TIADQ,,
B0018TIADQ,,
B0018TIADQ,,
B0018TIADQ,,
B0018TIADQ,,
B0018TIADQ,,
B0018TIADQ,,
B0018TIADQ,,
B0018TIADQ,,
B0018TIADQ,,
B0018TIADQ,,
B0018TIAL8,,
B00191WVF6,,
B00191WVF6,,
B00191WVF6,,
B00191WVF6,,
B00191WVF6,,
B00191WVF6,,
B00191WVF6,,
B00191WVF6,,
B0019H6750,,
B0019H6750,,
B0019QJW2G,,
B001AH83UG,,
B001AH83UG,,
B001AH83UG,,
B001AH83UG,,
B001AH83UG,,
B001AS6OYC,,
B001AS6OYC,,
B001AS6OYC,,
B001AS6OYC,,
B001BY4RQM,,
B001BY4RQM,,
B001C74GLY,,
B001C74GLY,,
B001CJ2QZU,,
B001CJ2QZU,,
B001D2TPZU,,
B001D2TPZU,,
B001D2TPZU,,
B001DW6RJC,,
B001DW6RJC,,
B001DW6RJC,,
B001E3BSKS,,
B001E3SFKO,,
B001E43SK0,,
B001E43SK0,,
B001E43SK0,,
B001EC5ECW,,
B001EC5ECW,,
B001EL6I8W,,
B001EL6I8W,,
B001ELP5WM,,
B001ELP5WM,,
B001ELP5WM,,
B001EW5YQS,,
B001FB5Z44,,
B001FB5Z44,,
B001FB5Z44,,
B001FB5Z8K,,
B001FB5Z8K,,
B001FQ74FW,,
B001FQ74FW,,
B001FSZR4U,,
B001FSZR4U,,
B001FSZR4U,,
B001FSZR4U,,
B001G3TJXO,,
B001G3TJXO,,
B001G3TJXO,,
B001GD07SK,,
B001GD07SK,,
B001GD07SK,,
B001GD07SK,,
B001GGYF4E,,
B001GGYF4E,,
B001GGYF4E,,
B001GGYF4E,,
B001GGYF4E,,
B001GH4H3W,,
B001GH4H3W,,
B001HNE622,,
B001HNE622,,
B001HNE622,,
B001I1PWTY,,
B001I8ITQA,,
B001IM5KFY,,
B001IM5KFY,,
B001IM5KFY,,
B001J1JRN0,,
B001J1JRN0,,
B001J1SX94,,
B001J5RYXQ,,
B001J5RYXQ,,
B001J5RYXQ,,
B001J5RYXQ,,
B001JI2KHS,,
B001JI2KHS,,
B001JI2KHS,,
B001JI2KHS,,
B001JI2KHS,,
B001KD2CPC,,
B001KD2CPC,,
B001L8IJ0I,,
B001L8IJ0I,,
B001L8IJ0I,,
B001L8IKLG,,
B001L8IKLG,,
B001L8IKLG,,
B001L8KE06,,
B001L8KE06,,
B001L8KE06,,
B001L8MDMS,,
B001L8MDMS,,
B001L8MDMS,,
B001L8NGJ2,,
B001L8NGJ2,,
B001L8NGJ2,,
B001L8NGJ2,,
B001L8NGJ2,,
B001L8NGJ2,,
B001L8PIFW,,
B001LJUVO4,,
B001LJUVO4,,
B001LJUVO4,,
B001LJUVO4,,
B001LNN30E,,
B001M59AS0,,
B001MMYVZU,,
B001MMYVZU,,
B001MMYVZU,,
B001MMYVZU,,
B001MMYVZU,,
B001MSS6CS,,
B001MSS6CS,,
B001MSS6CS,,
B001MSS6CS,,
B001NXDSK2,,
B001NXDSK2,,
B001OLW0J8,,
B001OLW0J8,,
B001OLW0J8,,
B001PGXHW6,,
B001PGXHX0,,
B001PGXHX0,,
B001PGXHX0,,
B001PGXHX0,,
B001PGXHX0,,
B001PGXHX0,,
B001PGXHX0,,
B001PGXHX0,,
B001PGXHX0,,
B001PGXHX0,,
B001PGXHX0,,
B001PGXHX0,,
B001PGXHX0,,
B001PGXHX0,,
B001PGXHX0,,
B001PGXHX0,,
B001PGXHYO,,
B001PGXIHK,,
B001PGXIHK,,
B001PGXIHK,,
B001PGXKC8,,
B001PGXKC8,,
B001PGXKC8,,
B001PGXKC8,,
B001PGXKC8,,
B001PGXKC8,,
B001PGXKC8,,
B001PGXKC8,,
B001PGXKC8,,
B001PGXKC8,,
B001PGXKC8,,
B001PGXKC8,,
B001PGXKC8,,
B001PGXKC8,,
B001PGXKC8,,
B001PGXKC8,,
B001PGXKC8,,
B001PGXKC8,,
B001PGXKC8,,
B001Q8DJO4,,
B001Q8DJO4,,
B001QJGYIG,,
B001QJGYIG,,
B001QWBM62,,
B001R2LQWQ,,
B001R2LQWQ,,
B001R2LQWQ,,
B001R76D42,,
B001R76D42,,
B001REJX1U,,
B001REJX1U,,
B001RMFSDE,,
B001RMFSDE,,
B001RMFSDE,,
B001RMFSDE,,
B001RNH8YA,,
B001RNH8YA,,
B001RNH8YA,,
B001RNHE30,,
B001RNHE30,,
B001RNHE30,,
B001RNOHHG,,
B001RNOHHG,,
B001RNOHHG,,
B001RNOHHG,,
B001RNOHHG,,
B001SC4I16,,
B001SC4I16,,
B001SC4I16,,
B001SC4I16,,
B001SC4I16,,
B001U5PCFM,,
B001U5PCFM,,
B001U5PCFM,,
B001UJEKZ6,,
B001UYKGUE,,
B001UYKGUE,,
B001UYKGUE,,
B001V5K2S8,,
B001V5K2S8,,
B001W99HE8,,
B001W99HE8,,
B001W99HE8,,
B001W99HE8,,
B001W99HE8,,
B001W99HE8,,
B001W99HE8,,
B001XJBWXG,,
B001XJBWXG,,
B002024UDE,,
B002024UDE,,
B0023BYDHK,,
B0023BYDHK,,
B0023BYDHK,,
B0023BYDHK,,
B002433RXI,,
B002433RXI,,
B0025PM6DM,,
B0025PM6DM,,
B0025PM6DM,,
B0025PM6DM,,
B0025V1REU,,
B0025V1REU,,
B0025V1REU,,
B00267OCTA,,
B00267OCTA,,
B00267OCTA,,
B00267OCTA,,
B0026KEGLQ,,
B0026RB0G8,,
B0026RB0G8,,
B0026RB0G8,,
B0026RB0G8,,
B0026RB0G8,,
B0026RB0G8,,
B0026RB0G8,,
B0027842S4,,
B0027842S4,,
B0027V760M,,
B0027V760M,,
B0027V760M,,
B002AQNGIU,,
B002AQNGIU,,
B002AQNGIU,,
B002AQNGIU,,
B002AQNGIU,,
B002B8EWVW,,
B002B8EWVW,,
B002C4SM5W,,
B002C4SM5W,,
B002C741B8,,
B002C741B8,,
B002C741B8,,
B002C741B8,,
B002C741B8,,
B002C741BI,,
B002C741BI,,
B002C741BI,,
B002C741BI,,
B002C741BI,,
B002C741BI,,
B002CMLPYY,,
B002CMLPYY,,
B002DC8OE2,,
B002DC8OE2,,
B002DYJEMQ,,
B002DYJEMQ,,
B002DYJEMQ,,
B002DYJEMQ,,
B002DYJEMQ,,
B002EWV8IU,,
B002EWV8IU,,
B002EWV8IU,,
B002EWV8IU,,
B002EWV8IU,,
B002EWV8IU,,
B002EWV8IU,,
B002EWV8IU,,
B002EWV8IU,,
B002EWV8NA,,
B002EWV8NA,,
B002G1UT5C,,
B002G1UT5C,,
B002G1UT5C,,
B002G1UT5C,,
B002GYWBIM,,
B002GYWBIM,,
B002GYWBIM,,
B002GYWBIM,,
B002GYWBIM,,
B002GYWBJ6,,
B002GYWBKU,,
B002GYWBKU,,
B002GYWBKU,,
B002HJ61PK,,
B002HPMTZU,,
B002HPMTZU,,
B002IC1D5E,,
B002IC1D5E,,
B002IC1D5E,,
B002IJK0H4,,
B002IJK0H4,,
B002KDHBRU,,
B002KDHBRU,,
B002M8EEW8,,
B002M8GBDI,,
B002M8GBDI,,
B002MWKOAA,,
B002MWKOAA,,
B002N4GBLI,,
B002NG7DEK,,
B002NG7DEK,,
B002PAW6EG,,
B002PAW6EG,,
B002PMHAVS,,
B002PMHAVS,,
B002Q0WSO8,,
B002Q0WSO8,,
B002Q0WSO8,,
B002Q0WSO8,,
B002Q0WSO8,,
B002Q0WSO8,,
B002Q0WSO8,,
B002Q0WT6U,,
B002QJVTNA,,
B002QJVTNA,,
B002QJVTNA,,
B002QKRUJG,,
B002QKRUJG,,
B002QKRUJG,,
B002R2IUEW,,
B002R2IUEW,,
B002R2IUEW,,
B002R2IUEW,,
B002R2IUEW,,
B002RLLD88,,
B002RLLD88,,
B002T45X1G,,
B002T45X1G,,
B002UXS4JO,,
B002UXS4JO,,
B002UXS4JO,,
B002UXS4JO,,
B002VA464S,,
B002VA464S,,
B002VA464S,,
B002VA464S,,
B002X8Y4SQ,,
B002X8Y4SQ,,
B002X8Y4SQ,,
B002X8Y4SQ,,
B002X8Y4SQ,,
B002X8Y4SQ,,
B002Z9JWZ8,,
B002ZH9JQC,,
B002ZH9JQC,,
B00315D0E4,,
B00315D0E4,,
B0033P1O6S,,
B0033PSGSW,,
B0033PSGSW,,
B0033PSGSW,,
B0033PSGSW,,
B0033PSGSW,,
B0033PSLSM,,
B0033PSLSM,,
B00352MHGA,,
B00352MHGA,,
B00352MHGA,,
B0035LCFRW,,
B00378GEAM,,
B00378GEAM,,
B00378GEAM,,
B0037GXRHM,,
B0037GXRHM,,
B0037GXRHM,,
B0037M4CPM,,
B0037M4CPM,,
B0037M62AK,,
B0037M62AK,,
B0037M62AK,,
B0037M62AK,,
B0037M62AK,,
B0037M62AK,,
B0037M62AK,,
B0037M62JQ,,
B0037M62JQ,,
B0037M62JQ,,
B0037M62JQ,,
B0037M62JQ,,
B0037M62KA,,
B0037M62KA,,
B0037M62KA,,
B0037M62KA,,
B0037M62KA,,
B0037M62KA,,
B0037M62KA,,
B0037M62KA,,
B0037M62KA,,
B0037M62KA,,
B0037M62M8,,
B0037M62M8,,
B0037MA77E,,
B0037MA77E,,
B0037MC786,,
B0037MC786,,
B0037ME50Y,,
B0037ME50Y,,
B0037ME50Y,,
B00389KMQM,,
B0038MTH8S,,
B0038MTH8S,,
B0039HBNMA,,
B0039HBNMA,,
B0039HBNMA,,
B0039HBNMA,,
B003AAEGZ2,,
B003AAEGZ2,,
B003AAEGZ2,,
B003AJMPW4,,
B003AJMPW4,,
B003AJMPW4,,
B003AJMPW4,,
B003AJMPW4,,
B003AM913C,,
B003AYC1SM,,
B003AYC1SM,,
B003AYC1SM,,
B003AYEAHC,,
B003AYEAHC,,
B003AYEAHC,,
B003AYJU5O,,
B003AYJU5O,,
B003AYJU5O,,
B003AYK8XW,,
B003AYK8XW,,
B003AYK8XW,,
B003AYK8XW,,
B003AYK8XW,,
B003AYNHGW,,
B003AYPT8G,,
B003AYRBWI,,
B003AYRBWI,,
B003AYRBWI,,
B003AYRBWI,,
B003B01QL8,,
B003B01QL8,,
B003B01QL8,,
B003B01QL8,,
B003B01QL8,,
B003B01QL8,,
B003B01QL8,,
B003B01QL8,,
B003B01QL8,,
B003B01QL8,,
B003B01QL8,,
B003B01QR2,,
B003B01QR2,,
B003B01QR2,,
B003B01QR2,,
B003B01QR2,,
B003B01QR2,,
B003B01QR2,,
B003B01QR2,,
B003B01QR2,,
B003BFYDBS,,
B003BFYDBS,,
B003BFYDBS,,
B003BFYDBS,,
B003BGO2OK,,
B003BGO2OK,,
B003BGO2OK,,
B003BGO2OK,,
B003CLIPHO,,
B003D3OCD2,,
B003D3OCD2,,
B003DVGVIS,,
B003DVGVIS,,
B003DVGVIS,,
B003DVGVIS,,
B003DVGVIS,,
B003DVGVIS,,
B003DVGVIS,,
B003DVGVIS,,
B003DVGVIS,,
B003DVGVIS,,
B003DVGVIS,,
B003FO6E6M,,
B003FVB7XA,,
B003FVB7XA,,
B003FW0IHA,,
B003FW0IHA,,
B003GEBGA0,,
B003GEBGA0,,
B003GEBGA0,,
B003GEBGA0,,
B003GEBGA0,,
B003GEBGA0,,
B003GEBGA0,,
B003HGFRO8,,
B003HGFRO8,,
B003JJQMD8,,
B003JJQMD8,,
B003JJQMD8,,
B003JJQMD8,,
B003JJQMD8,,
B003JJQMD8,,
B003JJQMD8,,
B003JJQMD8,,
B003JJQMD8,,
B003JJQMD8,,
B003JJQMD8,,
B003K16N0C,,
B003K16N0C,,
B003KJ0ZD0,,
B003KJ0ZD0,,
B003KQY8DQ,,
B003KQY8DQ,,
B003LTJ404,,
B003LTJ404,,
B003LTJ404,,
B003LTJ404,,
B003LTJ404,,
B003LTJ404,,
B003LTJ404,,
B003LTJ404,,
B003LZ2IT2,,
B003LZ2IT2,,
B003LZ2IT2,,
B003NJF1G8,,
B003NJF1G8,,
B003NJF1G8,,
B003NJF1G8,,
B003OG9NH8,,
B003OG9NH8,,
B003OG9NH8,,
B003OUX8ZM,,
B003OUX8ZM,,
B003OUX8ZM,,
B003PC2XQE,,
B003QTM9O2,,
B003S3S0DU,,
B003SZDFM4,,
B003SZDFM4,,
B003SZDFM4,,
B003VWJ2K8,,
B003VWJ2K8,,
B003VWJ2K8,,
B003VWJ2K8,,
B003VWJ2K8,,
B003VWJ2K8,,
B003VWJ2K8,,
B003VWJ2K8,,
B003VWJ2K8,,
B003VWJ2K8,,
B003VWJ2K8,,
B003VWJ2K8,,
B003VWJ2K8,,
B003VWJ2K8,,
B003VWJ2K8,,
B003VWJ2K8,,
B003VWJ2K8,,
B003VWJ2K8,,
B003VWJ2K8,,
B003VWJ2K8,,
B003VWJ2K8,,
B003VWJ2K8,,
B003VWJ2K8,,
B003VWJ2K8,,
B003VWJ2K8,,
B003VWJ2K8,,
B003VWJ2K8,,
B003VWJ2K8,,
B003VWJ2K8,,
B003VWJ2K8,,
B003VWJ2K8,,
B003VWJ2K8,,
B003VWJ2K8,,
B003VWJ2K8,,
B003VWJ2K8,,
B003VWJ2K8,,
B003VWJ2K8,,
B003VWJ2K8,,
B003VWJ2K8,,
B003VWJ2K8,,
B003VWJ2K8,,
B003VWJ2K8,,
B003VWJ2K8,,
B003VWJ2K8,,
B003VWJ2K8,,
B003VWKPHC,,
B003VWKPHC,,
B003VWKPHC,,
B003VWKPHC,,
B003VWKPHC,,
B003VWKPHC,,
B003VWKPHC,,
B003VWKPHC,,
B003VWKPHC,,
B003VWKPHC,,
B003VWKPHC,,
B003VWKPHC,,
B003VWKPHC,,
B003VWKPHC,,
B003VWKPHC,,
B003VWKPHC,,
B003VWKPHC,,
B003VWKPHC,,
B003VWKPHC,,
B003VWKPHC,,
B003VWKPHC,,
B003VWKPHC,,
B003VWKPHC,,
B003VWKPHC,,
B003VWKPHC,,
B003VWKPHC,,
B003VWKPHC,,
B003VWKPHC,,
B003VWKPHC,,
B003VWKPHC,,
B003VWKPHC,,
B003VWKPHC,,
B003VWKPHC,,
B003VWKPHC,,
B003VWKPHC,,
B003VWKPHC,,
B003VYBD58,,
B003VYBD58,,
B003VYBNLW,,
B003VYBNLW,,
B003VYBNLW,,
B003VYBNLW,,
B003VYBNLW,,
B003VYBNLW,,
B003W47NII,,
B003W47NII,,
B003W47NII,,
B003WZ6VVM,,
B003XDUAOM,,
B003XDUAOM,,
B003Y3ASW0,,
B003YVRGN6,,
B003YVRGN6,,
B0040O49OU,,
B0040O49OU,,
B0040ZBI52,,
B0041T53KI,,
B0042EZH6W,,
B0042EZH6W,,
B0042EZH6W,,
B0042EZH6W,,
B0042EZH6W,,
B0042EZH6W,,
B0042EZH6W,,
B0042F1L4S,,
B0043RZ9QQ,,
B0044R1M0M,,
B0044R1M0M,,
B0044R1M0M,,
B0044R1M0M,,
B0044R1M0M,,
B00466HLXI,,
B00466HM28,,
B00466HM28,,
B0046A04LU,,
B0046A04LU,,
B0046A04LU,,
B0046A04LU,,
B0049Z4UQ2,,
B004BZU4OW,,
B004BZU4OW,,
B004FEBS8K,,
B004FEGXDK,,
B004FEGXDK,,
B004FEGXDK,,
B004FEGXDK,,
B004FEGXDK,,
B004FODY6E,,
B004FODY6E,,
B004FODY6E,,
B004FPEF84,,
B004FPEF84,,
B004FPEF84,,
B004FRHKA2,,
B004FRHKA2,,
B004FRHKA2,,
B004FRHKA2,,
B004FRHKA2,,
B004GYM7IE,,
B004GYM7IE,,
B004GYOZ6G,,
B004GYOZ6G,,
B004HJ58JI,,
B004HJ58JI,,
B004HJ58JI,,
B004INGEB4,,
B004ISK48S,,
B004ISK48S,,
B004ISLGKS,,
B004J27QXY,,
B004J27QXY,,
B004J27QXY,,
B004LG93KC,,
B004LG93KC,,
B004LG93KC,,
B004M8UZS8,,
B004M8UZS8,,
B004MF39YS,,
B004MF39YS,,
B004MF39YS,,
B004MM6RWM,,
B004MNTIL8,,
B004MNTIL8,,
B004MNTIL8,,
B004N0MKN8,,
B004N0MKN8,,
B004N0MKN8,,
B004N0MKN8,,
B004N0MKN8,,
B004N0MKN8,,
B004N0MKN8,,
B004N0MKN8,,
B004N0MKN8,,
B004N6RBWW,,
B004OK17QS,,
B004OK17QS,,
B004OK17QS,,
B004OK17QS,,
B004OK1G64,,
B004OK1G64,,
B004OU2IQG,,
B004OU2IQG,,
B004PFWYL4,,
B004PFWYL4,,
B004PFWZHM,,
B004PFWZHM,,
B004PG1A4A,,
B004PG1A4A,,
B004PG1A4A,,
B004T6M7DE,,
B004T6M7DE,,
B004TE5HBU,,
B004TGVRDA,,
B004TGVRDA,,
B004TGVRDA,,
B004TQJ174,,
B004UJO41S,,
B004UJO41S,,
B004UJO41S,,
B004UJO41S,,
B004UJO41S,,
B004UJO41S,,
B004UJO41S,,
B004UNL1P6,,
B004UNL1P6,,
B004UNL1P6,,
B004VDD4KK,,
B004VDD4KK,,
B004VDD4KK,,
B004XNK7AI,,
B004XNK7AI,,
B004XNK7AI,,
B004XNK7AI,,
B004XNK7AI,,
B004XNK7AI,,
B004XNK7AI,,
B004XNK7AI,,
B004XNK7AI,,
B004XNK7AI,,
B004XNK7AI,,
B004XNK7AI,,
B004XNK7AI,,
B004XNK7AI,,
B004XNK7AI,,
B004XNK7AI,,
B004Z17008,,
B004Z17008,,
B004Z17008,,
B004Z17008,,
B004Z17008,,
B004Z17008,,
B004Z17008,,
B004Z17008,,
B004Z17008,,
B004Z8VQ2O,,
B004Z8VQ2O,,
B004ZKIHVU,,
B004ZKIHVU,,
B004ZKIHVU,,
B004ZKIHVU,,
B004ZKY10Q,,
B004ZKY10Q,,
B0050ALN2E,,
B0050ALN2E,,
B0050ALN2E,,
B0050CEEIW,,
B0050CEEIW,,
B0051WAJ5S,,
B0051WAJ5S,,
B0051WAJ5S,,
B0051WAJ5S,,
B0052FU602,,
B0052FU602,,
B0052S3WFU,,
B0052S3WFU,,
B0053CUHMG,,
B0053CUHMG,,
B0053CUHMG,,
B0055V7UR0,,
B0055V7UR0,,
B0055V7UR0,,
B0055V7UR0,,
B0058GZTVG,,
B005A09I7Q,,
B005A09I7Q,,
B005A09I7Q,,
B005A09I7Q,,
B005A09I7Q,,
B005A09I7Q,,
B005AGGZ8K,,
B005AGGZ8K,,
B005BSOVRY,,
B005BSOVRY,,
B005CERXFO,,
B005CERXFO,,
B005CX4GLE,,
B005CX4GLE,,
B005CX4GLE,,
B005CX4GLE,,
B005CX4GLE,,
B005CX4GLE,,
B005CX4GLE,,
B005CX4GLE,,
B005CX4GLE,,
B005CX4GLE,,
B005CX4GLE,,
B005CX4GLE,,
B005CX4GLE,,
B005CX4GLE,,
B005DVF15A,,
B005E0CPNG,,
B005E0CPNG,,
B005EHILV4,,
B005EHILV4,,
B005EHILV4,,
B005EHILV4,,
B005F3H6Q8,,
B005F3H6Q8,,
B005FIFM14,,
B005FKF1PY,,
B005FKF1PY,,
B005FKF1PY,,
B005FKF1PY,,
B005FKF1PY,,
B005FKF1PY,,
B005FKF1PY,,
B005FKF1PY,,
B005FKF1PY,,
B005FKF1PY,,
B005FKF1PY,,
B005FKF1PY,,
B005FKF1PY,,
B005FKF1PY,,
B005FKF1PY,,
B005FKF1PY,,
B005FKF1PY,,
B005FKF1PY,,
B005FKF1PY,,
B005FKF1PY,,
B005FKF1PY,,
B005FKF1PY,,
B005FKF1PY,,
B005FKF1PY,,
B005FKF1PY,,
B005FKF1PY,,
B005FKF1PY,,
B005GZ86ZA,,
B005GZ86ZA,,
B005GZ86ZA,,
B005GZ86ZA,,
B005H2007E,,
B005H2007E,,
B005H2007E,,
B005IVUWDG,,
B005IVUWDG,,
B005J2PXV0,,
B005J2PXV0,,
B005J9FS0Y,,
B005LYIW3W,,
B005LYIW3W,,
B005LYIW3W,,
B005LYIW3W,,
B005M0CK9M,,
B005M0CK9M,,
B005M0CK9M,,
B005M0CK9M,,
B005M0CK9M,,
B005M0CK9M,,
B005M0CK9M,,
B005M0KLGQ,,
B005M0MUQK,,
B005M0TKL8,,
B005MR6IHK,,
B005MR6IHK,,
B005MR6IHK,,
B005NACC6M,,
B005NACC6M,,
B005OZE9SA,,
B005OZE9SA,,
B005OZE9SA,,
B005OZE9SA,,
B005PGGU9O,,
B005PGGU9O,,
B005PGGU9O,,
B005PGGU9O,,
B005PGGU9O,,
B005PGGU9O,,
B005PGGU9O,,
B005PNXT6E,,
B005PNXT6E,,
B005PNXT6E,,
B005PNXT6E,,
B005PNXT6E,,
B005PNXT6E,,
B005PNXT6E,,
B005PNXT6E,,
B005PNXT6E,,
B005SUS1JO,,
B005T800V2,,
B005T800V2,,
B005T800V2,,
B005T800V2,,
B005T800V2,,
B005T800V2,,
B005TO9EPY,,
B005TO9EPY,,
B005VLR6XC,,
B005VLR6XC,,
B005VLWHP4,,
B005VLWHP4,,
B005VLWHP4,,
B005VM5Z5C,,
B005VM5Z5C,,
B005ZV5K0O,,
B005ZV5K0O,,
B00646MZHK,,
B00646MZHK,,
B00646MZHK,,
B00646MZHK,,
B00646MZHK,,
B00646MZHK,,
B00646MZHK,,
B00646MZHK,,
B00646MZHK,,
B00646MZHK,,
B00646MZHK,,
B00646MZHK,,
B00646MZHK,,
B00646MZHK,,
B00646MZHK,,
B00646MZHK,,
B00646MZHK,,
B00646MZHK,,
B00646MZHK,,
B00646MZHK,,
B0064BFNME,,
B0064RDPVE,,
B0064RDPVE,,
B0064RFT4A,,
B0064RFT4A,,
B0064RFT4A,,
B0064RFT4A,,
B0064RIB9A,,
B0064RIB9A,,
B0064RIB9A,,
B006H5119Q,,
B006H5119Q,,
B006X0UCKY,,
B006X735PQ,,
B006Y2FUW6,,
B006Y2FUW6,,
B0073XCXHA,,
B0073XCXHA,,
B0073XCXHA,,
B0073XCXHA,,
B0073XCXHA,,
B0073XCXHA,,
B0073XCXHA,,
B0073XCXHA,,
B0073XCXHA,,
B0073XCXHA,,
B0073XCYO2,,
B0073XCYO2,,
B0073XCYO2,,
B0073XCZ3C,,
B0073XCZ3C,,
B0073XCZ3C,,
B0073XCZ3C,,
B0078YF9V6,,
B0079KQEOK,,
B0079KQEOK,,
B0079KQEOK,,
B007BY2F7O,,
B007BY2F7O,,
B007IE5QP0,,
B007IE5QP0,,
B007IHYBV2,,
B007J49GPK,,
B007J49GPK,,
B007J49GPK,,
B007J49GPK,,
B007K3EGWI,,
B007K3EGWI,,
B007K3EGXW,,
B007K3EGXW,,
B007K3EGXW,,
B007K3EGXW,,
B007PKR3SK,,
B007Q27BH0,,
B007Q27BH0,,
B007Q27BH0,,
B007Q27BH0,,
B007Q27BH0,,
B007Q28BHE,,
B007Q28BHE,,
B007T8CUNG,,
B007T8CUNG,,
B007T8CUNG,,
B007T8CUNG,,
B007T8CUNG,,
B007T8CUNG,,
B007T8KI6M,,
B007T8OGLK,,
B007T8OGLK,,
B007T8OGLK,,
B007T8OGLK,,
B007T8OGLK,,
B007TGWQZ0,,
B007TGWQZ0,,
B007TGWQZ0,,
B007TGWQZ0,,
B007XH9432,,
B007YWHIP2,,
B007YWHIP2,,
B008277N80,,
B0087UPSLQ,,
B008AOH1O6,,
B008AOH1O6,,
B008BPI2HE,,
B008BPI2HE,,
B008BPI2HE,,
B008BPI2HE,,
B008BPI2HE,,
B008BPI2HE,,
B008BPI2HE,,
B008BPI2HE,,
B008BPI2HE,,
B008BPI2HE,,
B008BPI2HE,,
B008BPI2HE,,
B008BPI2HE,,
B008BPI2HE,,
B008BPI2HE,,
B008BTTQI4,,
B008GS3XLQ,,
B008GS3XLQ,,
B008GS3XLQ,,
B008GS9UNQ,,
B008GS9UNQ,,
B008GS9UNQ,,
B008GS9UNQ,,
B008GS9UNQ,,
B008GS9UNQ,,
B008IYUF96,,
B008IYUF96,,
B008IYUF96,,
B008LMS4MK,,
B008LMS4MK,,
B008LMS4MK,,
B008O0RKVA,,
B008O0RKVA,,
B008TNAG4A,,
B008TNAG4A,,
B008TNAG4A,,
B00923G9Q0,,
B0098DFNY8,,
B0098DFNY8,,
B009E3EWPI,,
B009EOKTCM,,
B009EOKTCM,,
B009EOKTCM,,
B009GT0KNI,,
B009MBT68U,,
B009MDMQJ4,,
B009MIBIWK,,
B009MIBIWK,,
B009MIBIWK,,
B009O7CE5O,,
B009O7CE5O,,
B009O7CE5O,,
B009ZX8ZJG,,
B009ZX8ZJG,,
B009ZX8ZJG,,
B009ZX8ZJG,,
B00A270KYM,,
B00A270KYM,,
B00A716FB0,,
B00A716FB0,,
B00A716FB0,,
B00AHEWBM4,,
B00AHEWBM4,,
B00AK7SKL4,,
B00AQBT3EW,,
B00AQBT3EW,,
B00AQBT3EW,,
B00AQBT3EW,,
B00AQBT3EW,,
B00AQBT3EW,,
B00AQBT3EW,,
B00AQBT3EW,,
B00AQBT3EW,,
B00AQBT3EW,,
B00AZUAORE,,
B00AZUAORE,,
B00AZUAORE,,
B00AZUAORE,,
B00AZUAORE,,
B00AZUAORE,,
B00AZUAORE,,
B00AZUAORE,,
B00AZUAORE,,
B00B1N06PO,,
B00B5LDMH6,,
B00B5LDMH6,,
B00B5OY8EE,,
B00B5OY8EE,,
B00B5OY8EE,,
B00B9060X6,,
B00B9060X6,,
B00BG6ZM0K,,
B00BHJNC4E,,
B00BKXN9LS,,
B00BKXN9LS,,
B00BKXN9LS,,
B00BKXN9LS,,
B00BKXN9LS,,
B00BL6JDUA,,
B00BL6JDUA,,
B00BL6JDUA,,
B00BLQ7M4E,,
B00BLQTZDA,,
B00BLQTZDA,,
B00BLQTZDA,,
B00BLQTZDA,,
B00BU9KCXK,,
B00BU9KCXK,,
B00BU9KCXK,,
B00BU9KCXK,,
B00BU9KCXK,,
B00BU9KCXK,,
B00C5B20QE,,
B00C5B20QE,,
B00CDA0IUC,,
B00CDA0IUC,,
B00CDA0IUC,,
B00CFMWBLC,,
B00CK2FOZM,,
B00CK2FOZM,,
B00CK2FOZM,,
B00CK2FOZM,,
B00E0EXYMS,,
B00E0EXYMS,,
B00E0EXYMS,,
B00E0EXYMS,,
B00EIMZG46,,
B00EPWAQS0,,
B00EQDITGO,,
B00F2PKRJW,,
B00F2PKRJW,,
B00F2PKRJW,,
B00FXKIG5I,,
B00GTSM8FW,,
B00GTSM8FW,,
B00GTSM8FW,,
B00H02C9TG,,
B00H02C9TG,,
B00HFRXACG,,
B00HFRXACG,,
B00HFRXACG,,
B00HFRXACG,,
B00HFRXACG,,
B00HFRXACG,,
B00IZCSW3M,,
B00IZCSW3M,,
B00IZCSW3M,,
B00IZCSW3M,,
B00IZCSW3M,,
B00IZCSW3M,,
B00IZCSW3M,,
B00IZCSW3M,,
B00J4TBMVO,,
B00J4TBMVO,,
B00JBIVXGC,,
B00JBIVXGC,,
B00JBIVXGC,,
